geohash,0
9q8ypp,1
9q8yq8,1
9q8yqb,1
9q8yr0,1
9q8yvr,1
9q8yvy,1
9q8yvz,1
9q8ywc,1
9q8yyj,1
9q8yym,1
9q8yyp,1
9q8yys,1
9q8yyt,1
9q8yyv,1
9q8yyw,1
9q8yyx,1
9q8yyy,1
9q8yyz,1
9q8znb,1
9q94rd,1
9q94re,1
9q94rh,1
9q94rp,1
9q94ty,1
9q94w6,1
9q94w7,1
9q94w9,1
9q94wg,1
9q94wk,1
9q94wm,1
9q94wn,1
9q94wp,1
9q94wx,1
9q94wz,1
9q94x1,1
9q94x4,1
9q94x7,1
9q94x8,1
9q94x9,1
9q94xd,6
9q94xk,2
9q94xp,2
9q94xq,2
9q94xr,1
9q94y0,1
9q94y2,1
9q94y6,1
9q94z0,1
9q94z9,1
9q94zd,1
9q94ze,1
9q94zg,1
9q94zu,1
9q962j,3
9q962u,1
9q972j,1
9q97b0,1
9q97b1,1
9q97b2,1
9q97b3,1
9q97bv,1
9q9hpj,1
9q9hr1,1
9q9hr4,1
9q9jwg,1
9q9jwy,1
9q9jx5,1
9q9jxy,1
9q9k3v,2
9q9k4v,1
9q9k4y,1
9q9k4z,1
9q9k5e,1
9q9k5j,1
9q9k5n,1
9q9k5p,1
9q9k5s,1
9q9k5t,1
9q9k5v,1
9q9k5y,1
9q9k5z,1
9q9k67,1
9q9k69,3
9q9k6b,1
9q9k6c,1
9q9k6e,2
9q9k6f,2
9q9k6g,1
9q9k6k,1
9q9k6s,1
9q9k75,1
9q9k77,1
9q9k79,1
9q9k7f,1
9q9k7g,1
9q9k7h,1
9q9k7k,1
9q9k7m,3
9q9k7n,1
9q9k7q,1
9q9k7v,1
9q9k7y,1
9q9k7z,1
9q9k9y,1
9q9k9z,1
9q9kcb,1
9q9kd1,1
9q9kd2,1
9q9kd3,1
9q9kd4,1
9q9kd5,1
9q9kd6,1
9q9kd9,1
9q9kdb,1
9q9kdh,1
9q9kdj,1
9q9kdn,1
9q9kdp,1
9q9kdv,1
9q9kdy,1
9q9ke2,1
9q9ke3,1
9q9ke5,1
9q9ke6,1
9q9ke7,1
9q9keg,1
9q9keh,1
9q9kf0,1
9q9kf1,1
9q9khn,1
9q9kk5,1
9q9nsc,1
9q9p16,1
9qbqt5,1
9qdumb,3
dqcjq0,1
f24462,1
f24463,1
f24466,1
f2446b,1
f2446g,1
f2447v,1
f2447y,1
f244kj,1
f244kq,1
f244mn,1
f244mp,1
f244t1,1
f244tt,1
f244ty,1
